﻿[                                                                                                                                                                                                                             
  { "id": "0",    "group": "utility",          "visible": false,      "text": "QScore",                                        "key": "qualityScore",                               "align": "center",    "sortable": true,      "filterType":"",            "width": "100" },

  { "id": "1",    "group": "property",         "visible": true,       "text": "Sector",                                        "key": "sector",                                     "align": "left",      "sortable": true,      "filterType":"",            "width": "100",       "format": "addSpaceToSlash" },
  { "id": "2",    "group": "property",         "visible": true,       "text": "Property Type/Use",                             "key": "propertyType",                               "align": "left",      "sortable": true,      "filterType":"list" },
  { "id": "3",    "group": "property",         "visible": true,       "text": "Address",                                       "key": "streetAddress",                              "align": "left",      "sortable": true,      "filterType":"string",                            "format": "capitalizeWords",            "addLink":true},
  { "id": "4",    "group": "property",         "visible": true,       "text": "City",                                          "key": "city",                                       "align": "center",    "sortable": true,      "filterType":"list",        "width": "100",       "format": "capitalizeWords" },
  { "id": "5",    "group": "property",         "visible": true,       "text": "State",                                         "key": "state",                                      "align": "center",    "sortable": true,      "filterType":"list",        "width": "75",        "format": "allUppercase"},
  { "id": "6",    "group": "property",         "visible": true,       "text": "Zip",                                           "key": "zip",                                        "align": "center",    "sortable": true,      "filterType":"list",        "width": "75" },
  { "id": "7",    "group": "property",         "visible": true,       "text": "Submarket",                                     "key": "submarket",                                  "align": "center",    "sortable": true,      "filterType":"list" ,                             "format": "addSpaceToSlash" },
  { "id": "8",    "group": "property",         "visible": true,       "text": "Built",                                         "key": "yearBuilt",                                  "align": "center",    "sortable": true,      "filterType":"",            "width": "75" },
  { "id": "9",    "group": "property",         "visible": true,       "text": "Size (Units)",                                  "key": "sizeUnit",                                   "align": "center",    "sortable": true,      "filterType":"",            "width": "105",       "format": "getFormattedNumber"  },
  { "id": "10",   "group": "property",         "visible": true,       "text": "Size (SF)",                                     "key": "sizeSqft",                                   "align": "center",    "sortable": true,      "filterType":"",            "width": "105",       "format": "getFormattedNumber" },
  { "id": "11",   "group": "sales",            "visible": true,       "text": "Sale Date",                                     "key": "saleDateJulian",                             "align": "center",    "sortable": true,      "filterType":"",            "width": "100",       "format": "getDateFromJulian" },
  { "id": "12",   "group": "sales",            "visible": true,       "text": "Sale Price",                                    "key": "salePrice",                                  "align": "right",     "sortable": true,      "filterType":"",                                  "format": "getDollarRounded" },
  { "id": "13",   "group": "performance",      "visible": true,       "text": "Asking Rent (Unit)",                            "key": "rentPerUnit",                                "align": "center",    "sortable": true,      "filterType":"",            "width": "170",       "format": "getDollarRounded"},
  { "id": "14",   "group": "performance",      "visible": true,       "text": "Asking Rent (SF)",                              "key": "rentPsf",                                    "align": "center",    "sortable": true,      "filterType":"",            "width": "170",       "format": "getDollar"},
  { "id": "15",   "group": "performance",      "visible": true,       "text": "Vacancy",                                       "key": "vacancy",                                    "align": "center",    "sortable": true,      "filterType":"range",       "width": "100",       "format": "calcPercentToOneDecimal"},
  { "id": "16",   "group": "property",         "visible": true,       "text": "Owner",                                         "key": "owner",                                      "align": "left",      "sortable": true,      "filterType":"string",      "width": "100",       "format": "capitalizeWords" },
                                                                                                                                                                             
  { "id": "17",   "group": "property",         "visible": false,      "text": "County",                                        "key": "county",                                     "align": "center",     "sortable": true,     "filterType":"list" },
  { "id": "19",   "group": "property",         "visible": false,      "text": "MSA",                                           "key": "msa",                                        "align": "center",     "sortable": true,     "filterType":"list" },
  { "id": "31",   "group": "property",         "visible": false,      "text": "Latitude",                                      "key": "lat",                                        "align": "center",     "sortable": true,     "filterType":"",                                  "format": "getFormatedLatLong" },
  { "id": "32",   "group": "property",         "visible": false,      "text": "Longitude",                                     "key": "lng",                                        "align": "center",     "sortable": true,     "filterType":"",                                  "format": "getFormatedLatLong" },
  { "id": "29",   "group": "property",         "visible": false,      "text": "Parcel Number",                                 "key": "parcelNumber",                               "align": "center",     "sortable": true,     "filterType":"string" },
  { "id": "20",   "group": "property",         "visible": false,      "text": "Zoning",                                        "key": "zoning",                                     "align": "center",     "sortable": true,     "filterType":"list",        "width": "100" },
  { "id": "18",   "group": "property",         "visible": false,      "text": "Year Renovated",                                "key": "yearRenovated",                              "align": "center",     "sortable": true,     "filterType":"list",        "width": "135" },
  { "id": "21",   "group": "property",         "visible": false,      "text": "Floors",                                        "key": "floors",                                     "align": "center",     "sortable": true,     "filterType":"",            "width": "100" },
  { "id": "22",   "group": "property",         "visible": false,      "text": "Buildings",                                     "key": "buildings",                                  "align": "center",     "sortable": true,     "filterType":"",            "width": "105" },
  { "id": "23",   "group": "property",         "visible": false,      "text": "Mgmt. Co",                                      "key": "managementCompany",                          "align": "center",     "sortable": true,     "filterType":"string" },
  { "id": "24",   "group": "property",         "visible": false,      "text": "Mgmt. Co Phone",                                "key": "managementCompanyPhone",                     "align": "center",     "sortable": true,     "filterType":"blanks",                           "format": "splitPhoneNumberToSpan"},
  { "id": "25",   "group": "property",         "visible": false,      "text": "Developer",                                     "key": "developer",                                  "align": "center",     "sortable": true,     "filterType":"string" },
  { "id": "26",   "group": "property",         "visible": false,      "text": "Developer Phone",                               "key": "developerPhone",                             "align": "center",     "sortable": true,     "filterType":"blanks",                           "format": "splitPhoneNumberToSpan"},
  { "id": "27",   "group": "property",         "visible": false,      "text": "Construction Status",                           "key": "constructionStatus",                         "align": "center",     "sortable": true,     "filterType":"list" },
  { "id": "28",   "group": "property",         "visible": false,      "text": "Expected Completion",                           "key": "expectedCompletionDateJulian",               "align": "center",     "sortable": true,     "filterType":"",                                 "format": "getDateFromJulian"},
  { "id": "30",   "group": "property",         "visible": false,      "text": "Class",                                         "key": "buildingClass",                              "align": "center",     "sortable": true,     "filterType":"list",       "width": "80",        "format": "allUppercase"},
  { "id": "33",   "group": "property",         "visible": false,      "text": "Rooms (Hotel)",                                 "key": "sizeRoom",                                   "align": "center",     "sortable": true,     "filterType":"",                                 "format": "getFormattedNumber" },
  { "id": "34",   "group": "property",         "visible": false,      "text": "Climate Controlled Units",                      "key": "sizeClimateControlled",                      "align": "center",     "sortable": true,     "filterType":"",           "width": "160",       "format": "getFormattedNumber" },
  { "id": "35",   "group": "property",         "visible": false,      "text": "Non Climate Controlled Units",                  "key": "sizeNonClimateControlled",                   "align": "center",     "sortable": true,     "filterType":"",           "width": "180",       "format": "getFormattedNumber" },
  { "id": "36",   "group": "property",         "visible": false,      "text": "RV/Boat Parking Units",                         "key": "sizeRvBoatParking",                          "align": "center",     "sortable": true,     "filterType":"",                                 "format": "getFormattedNumber" },
  { "id": "37",   "group": "property",         "visible": false,      "text": "Gross Leasable Area",                           "key": "grossLeasableArea",                          "align": "center",     "sortable": true,     "filterType":"",                                 "format": "getFormattedNumber" },                                                                                                                                                                  
  { "id": "38",   "group": "property",         "visible": false,      "text": "LIHTC Units <br>(Affordable)",                  "key": "sizeLihtcUnits",                             "align": "center",     "sortable": true,     "filterType":"",                                 "format": "getFormattedNumber" },
  { "id": "39",   "group": "property",         "visible": false,      "text": "Market Rate Units <br>(Affordable)",            "key": "sizeMarketRateUnits",                        "align": "center",     "sortable": true,     "filterType":"",           "width": "130",       "format": "getFormattedNumber" },
  { "id": "40",   "group": "property",         "visible": false,      "text": "Section 8 Units <br>(Affordable)",              "key": "sizeSection8Units",                          "align": "center",     "sortable": true,     "filterType":"",           "width": "130",       "format": "getFormattedNumber" },
  { "id": "41",   "group": "property",         "visible": false,      "text": "Other Units <br>(Affordable)",                  "key": "sizeOtherUnits",                             "align": "center",     "sortable": true,     "filterType":"",           "width": "130",       "format": "getFormattedNumber" },
  { "id": "84",   "group": "property",         "visible": false,      "text": "Years Left in Compliance <br>(Affordable)",     "key": "taxRemaining",                               "align": "center",     "sortable": true,     "filterType":"",           "width": "190",       "format": "getFormattedNumber"},
  { "id": "90",   "group": "property",         "visible": false,      "text": "Lot Size (SF)",                                 "key": "sizeLotSqft",                                "align": "center",     "sortable": true,     "filterType":"range",                            "format": "getFormattedNumber"},
  { "id": "91",   "group": "property",         "visible": false,      "text": "Lot Size (Acres)",                              "key": "sizeLotAcre",                                "align": "center",     "sortable": true,     "filterType":"range",                            "format": "getFormattedNumber"},
  { "id": "94",   "group": "property",         "visible": false,      "text": "Opportunity Zone",                              "key": "isOpportunityZone",                          "align": "center",     "sortable": true,     "filterType":"list",                             "format": "yesNoFormat"},
  { "id": "95",   "group": "property",         "visible": false,      "text": "Census Tract",                                  "key": "censusTract",                                "align": "center",     "sortable": true,     "filterType":"",                                 "format": ""},


  { "id": "42",   "group": "sales",            "visible": false,      "text": "Reported Cap Rate",                             "key": "capRate",                                    "align": "center",     "sortable": true,     "filterType":"range",                            "format": "calcPercentToOneDecimal"},
  { "id": "56",   "group": "sales",            "visible": false,      "text": "Estimated Going-In Cap Rate",                   "key": "estimatedGoingInCapRate",                    "align": "center",     "sortable": true,     "filterType":"",           "width": "180",       "format": "calcPercentToOneDecimal" },
  { "id": "43",   "group": "sales",            "visible": false,      "text": "Metro Cap Rate",                                "key": "metroCapRate",                               "align": "center",     "sortable": true,     "filterType":"range",                            "format": "calcPercentToOneDecimal"},
  { "id": "58",   "group": "sales",            "visible": false,      "text": "Deed Reference",                                "key": "deedReference",                              "align": "center",     "sortable": true,     "filterType":""},
  { "id": "44",   "group": "sales",            "visible": false,      "text": "Tax Year",                                      "key": "taxYear",                                    "align": "center",     "sortable": true,     "filterType":"list",       "width": "100" },
  { "id": "45",   "group": "sales",            "visible": false,      "text": "Tax Amount",                                    "key": "taxAmount",                                  "align": "right",      "sortable": true,     "filterType":"range",      "width": "110",       "format": "getDollarRounded" },
  { "id": "46",   "group": "sales",            "visible": false,      "text": "Assessed Value",                                "key": "assessedValue",                              "align": "right",      "sortable": true,     "filterType":"range",                            "format": "getDollarRounded" },
  { "id": "47",   "group": "sales",            "visible": false,      "text": "Assessed Year",                                 "key": "assessedYear",                               "align": "center",     "sortable": true,     "filterType":"list",       "width": "120"},
  { "id": "60",   "group": "sales",            "visible": false,      "text": "Interest Purchased",                            "key": "pctInterestPurchased",                       "align": "center",     "sortable": true,     "filterType":"",                                 "format": "calcPercentToOneDecimal" },
  { "id": "48",   "group": "sales",            "visible": false,      "text": "Buyer",                                         "key": "buyer",                                      "align": "center",     "sortable": true,     "filterType":"string",                           "format": "capitalizeWords" },
  { "id": "49",   "group": "sales",            "visible": false,      "text": "Buyer Phone",                                   "key": "buyerPhone",                                 "align": "center",     "sortable": true,     "filterType":"blanks",                           "format": "splitPhoneNumberToSpan"},
  { "id": "50",   "group": "sales",            "visible": false,      "text": "Seller",                                        "key": "seller",                                     "align": "center",     "sortable": true,     "filterType":"string",                           "format": "capitalizeWords" },
  { "id": "51",   "group": "sales",            "visible": false,      "text": "Seller Phone",                                  "key": "sellerPhone",                                "align": "center",     "sortable": true,     "filterType":"blanks",                           "format": "splitPhoneNumberToSpan"},
  { "id": "52",   "group": "sales",            "visible": false,      "text": "Buyer Broker",                                  "key": "buyerBroker",                                "align": "center",     "sortable": true,     "filterType":"string",                           "format": "capitalizeWords" },
  { "id": "53",   "group": "sales",            "visible": false,      "text": "Buyer Broker Phone",                            "key": "buyerBrokerPhone",                           "align": "center",     "sortable": true,     "filterType":"blanks",     "width": "170",       "format": "splitPhoneNumberToSpan"},
  { "id": "54",   "group": "sales",            "visible": false,      "text": "Seller Broker",                                 "key": "sellerBroker",                               "align": "center",     "sortable": true,     "filterType":"string",                           "format": "capitalizeWords" },
  { "id": "55",   "group": "sales",            "visible": false,      "text": "Seller Broker Phone",                           "key": "sellerBrokerPhone",                          "align": "center",     "sortable": true,     "filterType":"blanks",     "width": "170",       "format": "splitPhoneNumberToSpan"},
  { "id": "57",   "group": "sales",            "visible": false,      "text": "Sale Status",                                   "key": "scRecordType",                               "align": "center",     "sortable": true,     "filterType":"",                                 "format": "formatSaleStatus"},
/*{ "id": "59",   "group": "sales",            "visible": false,      "text": "Doc Number",                                    "key": "docNumber",                                  "align": "center",     "sortable": true,     "filterType":"",                                 "format": "getFormattedNumber" },*/                                                                                                                                           
  { "id": "85",   "group": "sales",            "visible": false,      "text": "Transaction Type",                              "key": "buyerSellerRelationship",                    "align": "center",     "sortable": true,     "filterType":"list"},                                                                                                                                          
  
  { "id": "86",   "group": "sales",            "visible": false,      "text": "Lender",                                        "key": "loanLender",                                 "align": "center",     "sortable": true,     "filterType":""},                                                                                                                                          
  { "id": "87",   "group": "sales",            "visible": false,      "text": "Loan Amount",                                   "key": "loanAmount",                                 "align": "center",     "sortable": true,     "filterType":"",                                 "format": "getDollarRounded"},                                                                                                                                          
  { "id": "88",   "group": "sales",            "visible": false,      "text": "Loan Type",                                     "key": "loanType",                                   "align": "center",     "sortable": true,     "filterType":""},                                                                                                                                          
  { "id": "89",   "group": "sales",            "visible": false,      "text": "Loan Term",                                     "key": "loanTerm",                                   "align": "center",     "sortable": true,     "filterType":""},                                                                                                                                          

  { "id": "92",   "group": "sales",            "visible": false,      "text": "Sale Price (Unit)",                             "key": "salePricePerUnit",                           "align": "right",     "sortable": true,     "filterType":"",                                  "format": "getDollar"},
  { "id": "93",   "group": "sales",            "visible": false,      "text": "Sale Price (SF)",                               "key": "salePricePsf",                               "align": "right",     "sortable": true,     "filterType":"",                                  "format": "getDollar"},



  { "id": "61",   "group": "performance",      "visible": false,      "text": "Effective Rent (Unit)",                         "key": "effRentPerUnit",                             "align": "right",      "sortable": true,     "filterType":"range",      "width": "180",       "format": "getDollarRounded"},
  { "id": "62",   "group": "performance",      "visible": false,      "text": "Effective Rent (SF)",                           "key": "effRentPsf",                                 "align": "right",      "sortable": true,     "filterType":"range",      "width": "180",       "format": "getDollar"},
  { "id": "63",   "group": "performance",      "visible": false,      "text": "Asking Rent <br>(Climate Controlled)",          "key": "rentClimateControlled",                      "align": "center",    "sortable": true,      "filterType":"",                                 "format": "getDollarRounded"},
  { "id": "64",   "group": "performance",      "visible": false,      "text": "Asking Rent <br>(Non Climate Controlled)",      "key": "rentNonClimateControlled",                   "align": "center",    "sortable": true,      "filterType":"",                                 "format": "getDollarRounded"},
  { "id": "65",   "group": "performance",      "visible": false,      "text": "Primary Care Type",                             "key": "primaryCareType",                            "align": "center",     "sortable": true,     "filterType":""},
 
  { "id": "66",   "group": "marketTrends",     "visible": false,      "text": "Market<br>Vacancy",                             "key": "marketVacancy",                              "align": "center",    "sortable": true,      "filterType":"",                                 "format": "calcPercentToOneDecimal"},
  { "id": "67",   "group": "marketTrends",     "visible": false,      "text": "Market<br>Asking Rent",                         "key": "marketRent",                                 "align": "center",    "sortable": true,      "filterType":"",                                 "format": "getDollarRounded"},
  { "id": "68",   "group": "marketTrends",     "visible": false,      "text": "Market<br>Asking Rent (% Change)",              "key": "marketRentChange",                           "align": "center",    "sortable": true,      "filterType":"",                                 "format": "calcPercentToOneDecimal"},
  { "id": "69",   "group": "marketTrends",     "visible": false,      "text": "Market<br>Inventory (SF)",                      "key": "marketInventorySf",                          "align": "center",    "sortable": true,      "filterType":"",                                 "format": "getFormattedNumber"},
  { "id": "70",   "group": "marketTrends",     "visible": false,      "text": "Market<br>Inventory (Units)",                   "key": "marketInventoryUnit",                        "align": "center",    "sortable": true,      "filterType":"",                                 "format": "getFormattedNumber"},
  { "id": "71",   "group": "marketTrends",     "visible": false,      "text": "Market<br>Completions",                         "key": "marketCompletions",                          "align": "center",    "sortable": true,      "filterType":"",                                 "format": "getFormattedNumber"},
  { "id": "72",   "group": "marketTrends",     "visible": false,      "text": "Market<br>Occupied Stock",                      "key": "marketOccupiedStock",                        "align": "center",    "sortable": true,      "filterType":"",                                 "format": "getFormattedNumber"},
  { "id": "73",   "group": "marketTrends",     "visible": false,      "text": "Market<br>Effective Rent",                      "key": "marketEffRent",                              "align": "center",    "sortable": true,      "filterType":"",                                 "format": "getDollarRounded"},
  { "id": "74",   "group": "marketTrends",     "visible": false,      "text": "Market<br>Effective Rent (% Change)",           "key": "marketEffRentChange",                        "align": "center",    "sortable": true,      "filterType":"",           "width": "170",       "format": "calcPercentToOneDecimal"},
                                                                                                                                                                                                                                                                                                                                                                                                                                                                                                              
  { "id": "75",   "group": "submarketTrends",  "visible": false,      "text": "Submarket<br>Vacancy",                          "key": "submarketVacancy",                           "align": "center",    "sortable": true,      "filterType":"",                                 "format": "calcPercentToOneDecimal"},
  { "id": "76",   "group": "submarketTrends",  "visible": false,      "text": "Submarket<br>Asking Rent",                      "key": "submarketRent",                              "align": "center",    "sortable": true,      "filterType":"",                                 "format": "getDollarRounded"},
  { "id": "77",   "group": "submarketTrends",  "visible": false,      "text": "Submarket<br>Asking Rent (% Change)",           "key": "submarketRentChange",                        "align": "center",    "sortable": true,      "filterType":"",                                 "format": "calcPercentToOneDecimal"},
  { "id": "78",   "group": "submarketTrends",  "visible": false,      "text": "Submarket<br>Inventory (SF)",                   "key": "submarketInventorySf",                       "align": "center",    "sortable": true,      "filterType":"",                                 "format": "getFormattedNumber"},
  { "id": "79",   "group": "submarketTrends",  "visible": false,      "text": "Submarket<br>Inventory (Units)",                "key": "submarketInventoryUnit",                     "align": "center",    "sortable": true,      "filterType":"",                                 "format": "getFormattedNumber"},
  { "id": "80",   "group": "submarketTrends",  "visible": false,      "text": "Submarket<br>Completions",                      "key": "submarketCompletions",                       "align": "center",    "sortable": true,      "filterType":"",                                 "format": "getFormattedNumber"},
  { "id": "81",   "group": "submarketTrends",  "visible": false,      "text": "Submarket<br>Occupied Stock",                   "key": "submarketOccupiedStock",                     "align": "center",    "sortable": true,      "filterType":"",                                 "format": "getFormattedNumber"},
  { "id": "82",   "group": "submarketTrends",  "visible": false,      "text": "Submarket<br>Effective Rent",                   "key": "submarketEffRent",                           "align": "center",    "sortable": true,      "filterType":"",                                 "format": "getDollarRounded"},
  { "id": "83",   "group": "submarketTrends",  "visible": false,      "text": "Submarket<br>Effective Rent (% Change)",        "key": "submarketEffRentChange",                     "align": "center",    "sortable": true,      "filterType":"",           "width": "170",       "format": "calcPercentToOneDecimal"}

]